{
    "extends": [
        "tslint:recommended",
        "tslint-react",
        "tslint-config-prettier"
    ],
    "linterOptions": {
        "exclude": [
            "config/**/*.js",
            "node_modules/**/*.ts",
            "coverage/lcov-report/*.js"
        ]
    },
    "rules": {
        "ordered-imports": [
            false
        ],
        "object-literal-sort-keys": [
            false
        ],
        "jsx-boolean-value": [
            false
        ],
        "no-console": [
            false
        ],
        "jsx-no-lambda": [
            false
        ],
        "file-name-casing": [
            false,
            "pascal-case"
        ],
        "jsx-wrap-multiline": [
            false
        ],
        "jsx-self-close": [
            false
        ],
        "allowShortCircuit": [
            false
        ],
        "allowTernary": [
            false
        ],
        "no-unused-expression": [
            false
        ]
    }
}